asset,z_90d,ret_90d
GOLD,1.449301,0.211891
US10Y,1.101059,0.038143
SP500,0.572600,0.086996
BTC,-0.571764,-0.027485
