asset,z_90d,ret_90d
GOLD,1.338719,0.218281
US10Y,-0.079343,0.022089
SP500,-0.094313,0.034638
BTC,-1.535980,-0.194101
