asset,z_90d,ret_90d
GOLD,0.804949,0.186442
SP500,-0.211057,0.036924
US10Y,-1.510730,0.000976
BTC,-1.566643,-0.217067
