asset,z_90d,ret_90d
GOLD,0.985051,0.199666
SP500,-0.264639,0.043084
US10Y,-0.379718,0.014786
BTC,-1.492587,-0.216535
