asset,z_90d,ret_90d
GOLD,0.424595,0.158854
SP500,-0.039814,0.048143
BTC,-1.520793,-0.206525
US10Y,-1.576080,0.000467
