asset,z_90d,ret_90d
GOLD,1.184002,0.212338
US10Y,0.162123,0.025471
SP500,0.092641,0.054541
BTC,-1.316566,-0.161921
