asset,z_90d,ret_90d
GOLD,0.465916,0.162593
SP500,-0.430271,0.026676
US10Y,-0.978794,0.007239
BTC,-1.461215,-0.208623
