asset,z_90d,ret_90d
GOLD,3.057531,0.362563
SP500,-1.105235,0.018831
US10Y,-1.122115,0.000527
BTC,-1.319602,-0.236971
