asset,z_90d,ret_90d
GOLD,0.860420,0.191316
SP500,-0.406897,0.025377
US10Y,-0.967291,0.007840
BTC,-1.746535,-0.253069
