asset,z_90d,ret_90d
GOLD,-0.038135,0.125430
SP500,-0.520391,0.028987
US10Y,-0.705020,0.010327
BTC,-1.741119,-0.265478
