asset,z_90d,ret_90d
GOLD,1.104515,0.208381
SP500,-0.264639,0.043084
US10Y,-0.379713,0.014786
BTC,-1.516983,-0.221031
