asset,z_90d,ret_90d
GOLD,0.675129,0.176890
SP500,-0.397117,0.036104
US10Y,-0.562373,0.012261
BTC,-1.548562,-0.228213
