asset,z_90d,ret_90d
GOLD,1.553717,0.218035
US10Y,1.104532,0.038061
SP500,0.502823,0.080507
BTC,-0.607578,-0.033370
