asset,z_90d,ret_90d
GOLD,-0.216169,0.111730
SP500,-0.700560,0.021245
US10Y,-1.000622,0.006035
BTC,-1.665528,-0.260154
