asset,z_90d,ret_90d
GOLD,0.685958,0.165363
SP500,0.158432,0.053111
US10Y,0.056322,0.023378
BTC,-1.224773,-0.137864
