asset,z_90d,ret_90d
GOLD,0.997192,0.182424
SP500,0.765450,0.104614
US10Y,-0.170377,0.019701
BTC,-0.555129,-0.024856
