asset,z_90d,ret_90d
GOLD,-0.014346,0.124525
SP500,-0.199081,0.056307
BTC,-1.175430,-0.177009
US10Y,-1.281268,0.001886
