asset,z_90d,ret_90d
GOLD,1.207514,0.216195
SP500,-0.184861,0.046190
US10Y,-0.704636,0.010683
BTC,-1.389847,-0.196752
