asset,z_90d,ret_90d
GOLD,0.885430,0.192700
SP500,-0.235447,0.043402
US10Y,-0.461519,0.013839
BTC,-1.419630,-0.202461
