asset,z_90d,ret_90d
SP500,-0.354727,0.050485
GOLD,-0.662173,0.077987
BTC,-0.850778,-0.120552
US10Y,-1.640780,-0.003549
