asset,z_90d,ret_90d
GOLD,0.799369,0.185211
SP500,0.096670,0.056507
US10Y,-0.606256,0.014716
BTC,-1.668659,-0.225696
