asset,z_90d,ret_90d
GOLD,0.074912,0.133214
SP500,-0.568642,0.026937
US10Y,-0.857078,0.008236
BTC,-1.750360,-0.269472
