asset,z_90d,ret_90d
GOLD,1.771505,0.231570
US10Y,0.865725,0.034461
SP500,0.343715,0.066055
BTC,-0.569611,-0.026965
