asset,z_90d,ret_90d
GOLD,-0.159324,0.116290
SP500,-0.700399,0.019314
US10Y,-0.951569,0.006873
BTC,-1.810116,-0.282677
