asset,z_90d,ret_90d
GOLD,0.648442,0.175581
SP500,-0.280373,0.033398
US10Y,-1.664541,-0.001290
BTC,-1.705045,-0.242329
