asset,z_90d,ret_90d
GOLD,0.681154,0.178174
SP500,-0.302913,0.032750
US10Y,-1.430997,0.001705
BTC,-1.812728,-0.262679
