asset,z_90d,ret_90d
GOLD,1.025171,0.202739
SP500,-0.247590,0.043402
US10Y,-0.456356,0.013839
BTC,-1.442805,-0.206814
