asset,z_90d,ret_90d
GOLD,0.649701,0.162920
SP500,0.158432,0.053111
US10Y,0.056327,0.023378
BTC,-1.281059,-0.147160
