asset,z_90d,ret_90d
GOLD,-0.057661,0.121583
SP500,-0.191038,0.056226
US10Y,-1.059127,0.004907
BTC,-1.269536,-0.193580
