asset,z_90d,ret_90d
GOLD,1.345009,0.206440
SP500,0.639568,0.093673
US10Y,-0.274002,0.018229
BTC,-0.578928,-0.029021
