asset,z_90d,ret_90d
GOLD,0.812624,0.187907
SP500,-0.429466,0.025530
US10Y,-0.911292,0.008385
BTC,-1.614066,-0.234021
