asset,z_90d,ret_90d
GOLD,1.282917,0.215920
SP500,-0.192669,0.027099
US10Y,-0.328396,0.018683
BTC,-1.650029,-0.213509
