asset,z_90d,ret_90d
GOLD,-0.374426,0.099547
SP500,-0.731720,0.021963
US10Y,-0.732710,0.009281
BTC,-1.523605,-0.239404
