asset,z_90d,ret_90d
GOLD,1.219281,0.214005
US10Y,0.012044,0.023497
SP500,-0.129004,0.034517
BTC,-1.594504,-0.207807
