asset,z_90d,ret_90d
GOLD,0.573053,0.164239
SP500,-1.150886,0.012358
BTC,-1.166112,-0.191485
US10Y,-1.827207,-0.008112
