asset,z_90d,ret_90d
GOLD,2.239148,0.249597
US10Y,1.446663,0.041610
SP500,0.270640,0.058319
BTC,-0.983297,-0.088434
