asset,z_90d,ret_90d
GOLD,-0.172422,0.113103
SP500,-0.364250,0.048458
BTC,-1.236536,-0.192914
US10Y,-1.401078,-0.000064
