asset,z_90d,ret_90d
GOLD,1.868579,0.235273
US10Y,1.190920,0.038937
SP500,0.313162,0.063089
BTC,-0.801361,-0.064427
