asset,z_90d,ret_90d
GOLD,-0.345803,0.100505
SP500,-0.422252,0.045901
BTC,-1.141693,-0.175934
US10Y,-1.396706,-0.000178
