asset,z_90d,ret_90d
GOLD,0.647953,0.174167
SP500,0.090720,0.056811
US10Y,-0.856690,0.011178
BTC,-1.273773,-0.159187
