asset,z_90d,ret_90d
GOLD,1.125905,0.207963
US10Y,0.160027,0.025471
SP500,0.097048,0.054541
BTC,-1.336782,-0.165451
