asset,z_90d,ret_90d
GOLD,1.906593,0.237822
US10Y,1.190912,0.038937
SP500,0.313162,0.063089
BTC,-0.840767,-0.071044
