asset,z_90d,ret_90d
GOLD,0.708319,0.179235
SP500,-0.061438,0.048101
US10Y,-1.319096,0.003681
BTC,-1.512934,-0.206919
