asset,z_90d,ret_90d
GOLD,1.877192,0.262043
US10Y,-1.143553,0.000432
BTC,-1.156256,-0.199152
SP500,-1.266413,0.008655
