asset,z_90d,ret_90d
GOLD,0.900002,0.177888
SP500,0.540356,0.085886
US10Y,-0.302444,0.018011
BTC,-0.626875,-0.037720
