asset,z_90d,ret_90d
GOLD,1.806493,0.228824
US10Y,1.376922,0.041389
SP500,0.153361,0.048643
BTC,-0.921412,-0.082862
