asset,z_90d,ret_90d
GOLD,1.074810,0.206613
SP500,-0.310384,0.036234
US10Y,-0.845621,0.008903
BTC,-1.504241,-0.216964
