asset,z_90d,ret_90d
GOLD,1.223456,0.198853
SP500,0.666990,0.096536
US10Y,-0.247468,0.018650
BTC,-0.642298,-0.039802
