asset,z_90d,ret_90d
GOLD,-0.360717,0.098618
SP500,-0.529208,0.042086
BTC,-0.780701,-0.108293
US10Y,-1.489976,-0.001912
