asset,z_90d,ret_90d
GOLD,1.634731,0.231399
SP500,0.185889,0.056576
US10Y,-0.310706,0.018265
BTC,-1.245447,-0.142471
