asset,z_90d,ret_90d
GOLD,0.056024,0.129379
SP500,-0.093072,0.063147
US10Y,-1.183454,0.003032
BTC,-1.360232,-0.213979
