asset,z_90d,ret_90d
GOLD,1.202249,0.209960
SP500,-1.056613,0.018246
BTC,-1.290102,-0.219425
US10Y,-1.681393,-0.006559
