asset,z_90d,ret_90d
GOLD,-0.320280,0.101697
SP500,-0.564192,0.039404
BTC,-0.705058,-0.092931
US10Y,-1.347057,0.000161
