asset,z_90d,ret_90d
GOLD,-0.280468,0.106548
SP500,-0.725882,0.021428
US10Y,-0.954894,0.006452
BTC,-1.530348,-0.239047
