asset,z_90d,ret_90d
GOLD,1.465259,0.224340
SP500,0.028009,0.044080
US10Y,-0.049583,0.022339
BTC,-1.537426,-0.193526
