asset,z_90d,ret_90d
GOLD,3.362474,0.383381
SP500,-1.067527,0.020150
BTC,-1.087406,-0.188503
US10Y,-1.200172,-0.000515
