asset,z_90d,ret_90d
GOLD,1.578193,0.234201
SP500,0.089937,0.050339
US10Y,-0.173915,0.020732
BTC,-1.317879,-0.156790
