asset,z_90d,ret_90d
GOLD,1.374480,0.232359
US10Y,-1.160355,-0.000099
SP500,-1.203562,0.014448
BTC,-1.321686,-0.239995
