asset,z_90d,ret_90d
GOLD,1.478823,0.225300
SP500,0.028009,0.044080
US10Y,-0.049583,0.022339
BTC,-1.500298,-0.187775
