asset,z_90d,ret_90d
GOLD,2.013835,0.260132
US10Y,0.294054,0.027004
SP500,0.240133,0.062191
BTC,-1.174900,-0.131681
