asset,z_90d,ret_90d
GOLD,0.441320,0.154461
SP500,-0.689393,0.035915
BTC,-0.919657,-0.139766
US10Y,-1.943111,-0.009104
