asset,z_90d,ret_90d
GOLD,1.036094,0.202344
US10Y,0.263773,0.026751
SP500,0.232277,0.067578
BTC,-1.600264,-0.212871
