asset,z_90d,ret_90d
GOLD,1.622958,0.216197
US10Y,1.541204,0.043599
SP500,0.263591,0.058460
BTC,-0.946027,-0.085978
