asset,z_90d,ret_90d
GOLD,0.938143,0.180858
SP500,0.469457,0.079891
US10Y,-0.508697,0.015074
BTC,-0.846006,-0.074051
