asset,z_90d,ret_90d
GOLD,1.237640,0.203410
SP500,0.048913,0.043911
US10Y,0.043927,0.023270
BTC,-1.082112,-0.115027
