asset,z_90d,ret_90d
GOLD,1.159307,0.208126
US10Y,0.086652,0.024481
SP500,-0.271653,0.021043
BTC,-1.852005,-0.250933
