asset,z_90d,ret_90d
GOLD,0.517903,0.165975
SP500,0.117816,0.060002
US10Y,-1.215171,0.005964
BTC,-1.470182,-0.194726
