asset,z_90d,ret_90d
GOLD,1.085458,0.189533
SP500,0.666990,0.096536
US10Y,-0.247467,0.018650
BTC,-0.629960,-0.037682
