asset,z_90d,ret_90d
GOLD,1.178986,0.208285
SP500,-1.056613,0.018246
BTC,-1.299830,-0.221358
US10Y,-1.681391,-0.006559
