asset,z_90d,ret_90d
GOLD,1.010109,0.198489
US10Y,0.036111,0.023839
SP500,-0.279986,0.021196
BTC,-1.693408,-0.224456
