asset,z_90d,ret_90d
GOLD,-0.036064,0.124820
SP500,-0.715373,0.019314
US10Y,-0.944429,0.006873
BTC,-1.757380,-0.275395
