asset,z_90d,ret_90d
GOLD,2.594839,0.272860
US10Y,1.446658,0.041610
SP500,0.270640,0.058319
BTC,-0.987473,-0.089008
