asset,z_90d,ret_90d
GOLD,1.209071,0.214354
SP500,0.154366,0.060188
US10Y,0.035421,0.023686
BTC,-1.302435,-0.159876
