asset,z_90d,ret_90d
GOLD,1.787942,0.242954
SP500,0.202815,0.058447
US10Y,0.140404,0.024747
BTC,-1.170199,-0.130368
