asset,z_90d,ret_90d
GOLD,2.801499,0.292478
US10Y,1.316200,0.040135
SP500,0.273348,0.059164
BTC,-0.852938,-0.069718
