asset,z_90d,ret_90d
GOLD,0.486712,0.163506
SP500,0.046845,0.054938
US10Y,-1.245511,0.005237
BTC,-1.427633,-0.189179
