asset,z_90d,ret_90d
GOLD,2.002806,0.242861
US10Y,1.135351,0.037978
SP500,0.221051,0.054753
BTC,-0.794978,-0.062771
