asset,z_90d,ret_90d
GOLD,1.184028,0.207304
SP500,0.003866,0.043252
US10Y,-0.201062,0.020398
BTC,-1.550232,-0.196295
