asset,z_90d,ret_90d
GOLD,1.921716,0.255306
US10Y,0.077665,0.024035
SP500,0.038188,0.044605
BTC,-1.334859,-0.158897
