asset,z_90d,ret_90d
GOLD,0.579406,0.157512
SP500,0.281695,0.063674
US10Y,-0.328806,0.017768
BTC,-1.072506,-0.112265
