asset,z_90d,ret_90d
GOLD,1.978984,0.236799
US10Y,0.975662,0.035031
SP500,0.242271,0.056167
BTC,-1.039334,-0.099777
