asset,z_90d,ret_90d
GOLD,2.257812,0.292955
SP500,-1.003337,0.022904
BTC,-1.030888,-0.175592
US10Y,-1.116894,0.000732
