asset,z_90d,ret_90d
GOLD,0.511503,0.164976
SP500,-0.161852,0.038412
BTC,-1.491980,-0.202072
US10Y,-1.773779,-0.002529
