asset,z_90d,ret_90d
GOLD,-0.407106,0.095110
SP500,-0.554727,0.041417
BTC,-0.868278,-0.126377
US10Y,-1.758311,-0.005746
