asset,z_90d,ret_90d
GOLD,0.692981,0.178303
SP500,-0.211057,0.036924
US10Y,-1.510725,0.000976
BTC,-1.565864,-0.217193
