asset,z_90d,ret_90d
GOLD,-0.116660,0.118816
SP500,-0.700560,0.021245
US10Y,-1.000622,0.006035
BTC,-1.717977,-0.270252
