asset,z_90d,ret_90d
GOLD,0.805957,0.187471
SP500,-0.540100,0.016566
US10Y,-0.743446,0.010659
BTC,-1.772408,-0.260999
