asset,z_90d,ret_90d
GOLD,0.839866,0.189895
SP500,-0.429466,0.025530
US10Y,-1.152749,0.005124
BTC,-1.629731,-0.237223
