asset,z_90d,ret_90d
GOLD,0.459580,0.161740
SP500,0.117816,0.060002
US10Y,-1.215171,0.005964
BTC,-1.476427,-0.195521
