asset,z_90d,ret_90d
GOLD,0.842857,0.188233
SP500,0.018275,0.050336
US10Y,-0.655099,0.014017
BTC,-1.358102,-0.173494
