asset,z_90d,ret_90d
GOLD,-0.364151,0.098141
SP500,-0.554727,0.041417
BTC,-0.843621,-0.121571
US10Y,-1.758312,-0.005746
