asset,z_90d,ret_90d
GOLD,0.625443,0.160221
SP500,0.334804,0.068068
US10Y,-0.150049,0.020283
BTC,-1.264435,-0.144088
