asset,z_90d,ret_90d
GOLD,1.170759,0.208452
US10Y,-0.154663,0.021108
SP500,-0.381095,0.011110
BTC,-1.820693,-0.243628
