asset,z_90d,ret_90d
GOLD,0.156005,0.136447
SP500,-0.093072,0.063147
US10Y,-1.183455,0.003032
BTC,-1.363706,-0.214602
