asset,z_90d,ret_90d
GOLD,0.571768,0.169288
SP500,-0.077812,0.045926
US10Y,-1.330394,0.003577
BTC,-1.549318,-0.212565
