asset,z_90d,ret_90d
GOLD,0.192975,0.139295
SP500,-0.596268,0.031137
US10Y,-0.726146,0.009281
BTC,-1.511257,-0.238297
