asset,z_90d,ret_90d
GOLD,0.535184,0.161411
BTC,-1.184490,-0.193061
SP500,-1.209231,0.008670
US10Y,-1.965709,-0.009787
