asset,z_90d,ret_90d
GOLD,1.133133,0.204497
SP500,-1.054427,0.017913
BTC,-1.191696,-0.198120
US10Y,-1.815464,-0.008216
