asset,z_90d,ret_90d
GOLD,0.648199,0.162484
SP500,0.146473,0.051784
US10Y,0.030098,0.022954
BTC,-1.173281,-0.128862
