asset,z_90d,ret_90d
GOLD,1.235296,0.215514
US10Y,0.035166,0.023780
SP500,-0.061642,0.040607
BTC,-1.669920,-0.221869
