asset,z_90d,ret_90d
GOLD,0.839358,0.189950
SP500,-0.637267,0.008564
US10Y,-0.949911,0.008048
BTC,-1.748895,-0.254606
