asset,z_90d,ret_90d
GOLD,0.012667,0.124202
SP500,-0.784066,0.030386
BTC,-0.959477,-0.146365
US10Y,-1.951585,-0.008901
