asset,z_90d,ret_90d
GOLD,0.599524,0.171981
SP500,0.098840,0.057953
US10Y,-1.074409,0.008050
BTC,-1.293787,-0.162878
