asset,z_90d,ret_90d
GOLD,1.216099,0.214354
SP500,0.158908,0.060188
US10Y,0.032913,0.023686
BTC,-1.330328,-0.164219
