asset,z_90d,ret_90d
GOLD,0.735738,0.183743
US10Y,-1.160356,-0.000099
SP500,-1.203562,0.014448
BTC,-1.573762,-0.291317
