asset,z_90d,ret_90d
GOLD,2.015850,0.270813
BTC,-1.316023,-0.228790
SP500,-1.353575,0.003587
US10Y,-1.713224,-0.007476
